{"v":"5.7.6","fr":60,"ip":0,"op":301,"w":412,"h":870,"nm":"Splash Screen","ddd":0,"assets":[{"id":"comp_0","layers":[{"ddd":0,"ind":1,"ty":4,"nm":"Caminho 221","sr":1,"ks":{"o":{"a":0,"k":100,"ix":11},"r":{"a":0,"k":0,"ix":10},"p":{"a":0,"k":[88.011,88.332,0],"ix":2,"l":2},"a":{"a":0,"k":[87.01,87.318,0],"ix":1,"l":2},"s":{"a":0,"k":[100,100,100],"ix":6,"l":2}},"ao":0,"shapes":[{"ty":"gr","it":[{"ind":0,"ty":"sh","ix":1,"ks":{"a":0,"k":{"i":[[-4.692,2.823],[-4.296,-0.298],[-10.942,0.859],[-0.153,-0.442],[7.825,-1.543],[12.013,-0.224],[7.619,-2.605]],"o":[[9.114,-5.48],[12.213,0.844],[7.404,-0.583],[0.172,0.494],[-12.001,2.372],[-16.07,0.307],[-1.313,0.445]],"v":[[112.82,33.697],[135.834,29.054],[161.101,33.587],[174.016,30.865],[159.968,36.643],[132.207,34.151],[104.335,42.083]],"c":true},"ix":2},"nm":"Path 1","mn":"ADBE Vector Shape - Group","hd":false},{"ind":1,"ty":"sh","ix":2,"ks":{"a":0,"k":{"i":[[20.964,-1.359],[9.776,0.865],[0.964,1.445],[-13.934,5.496],[-9.915,-5.511],[-0.123,-1.835]],"o":[[-11.025,0.715],[-10.433,-0.905],[-1.359,-2.041],[7.46,-2.94],[5.652,3.142],[0.169,2.507]],"v":[[47.101,5.825],[19.739,12.269],[0.081,3.036],[28.576,4.168],[66.476,2.751],[74.804,13.119]],"c":true},"ix":2},"nm":"Path 2","mn":"ADBE Vector Shape - Group","hd":false},{"ind":2,"ty":"sh","ix":3,"ks":{"a":0,"k":{"i":[[-13.867,-18.776],[13.017,-8.613],[15.021,20.164],[-15.542,6.38],[-13.867,-18.776]],"o":[[14.935,20.225],[-13.017,8.613],[-15.622,-20.97],[13.207,-5.422],[0,0]],"v":[[113.851,123.563],[112.97,170.376],[66.712,154.745],[68.98,104.918],[113.854,123.563]],"c":true},"ix":2},"nm":"Path 3","mn":"ADBE Vector Shape - Group","hd":false},{"ty":"st","c":{"a":0,"k":[1,1,1,1],"ix":3},"o":{"a":0,"k":100,"ix":4},"w":{"a":0,"k":2,"ix":5},"lc":1,"lj":1,"ml":4,"bm":0,"nm":"Stroke 1","mn":"ADBE Vector Graphic - Stroke","hd":false},{"ty":"fl","c":{"a":0,"k":[0.545098039216,0.701960784314,0.325490196078,1],"ix":4},"o":{"a":0,"k":100,"ix":5},"r":1,"bm":0,"nm":"Fill 1","mn":"ADBE Vector Graphic - Fill","hd":false},{"ty":"tr","p":{"a":0,"k":[0,0],"ix":2},"a":{"a":0,"k":[0,0],"ix":1},"s":{"a":0,"k":[100,100],"ix":3},"r":{"a":0,"k":0,"ix":6},"o":{"a":0,"k":100,"ix":7},"sk":{"a":0,"k":0,"ix":4},"sa":{"a":0,"k":0,"ix":5},"nm":"Transform"}],"nm":"Caminho 221","np":5,"cix":2,"bm":0,"ix":1,"mn":"ADBE Vector Group","hd":false}],"ip":0,"op":3600,"st":0,"bm":0}]},{"id":"comp_1","layers":[{"ddd":0,"ind":1,"ty":4,"nm":"Contorno","sr":1,"ks":{"o":{"a":1,"k":[{"i":{"x":[0.833],"y":[0.833]},"o":{"x":[0.167],"y":[0.167]},"t":28,"s":[0]},{"i":{"x":[0.833],"y":[0.833]},"o":{"x":[0.167],"y":[0.167]},"t":43,"s":[100]},{"i":{"x":[0.833],"y":[0.833]},"o":{"x":[0.167],"y":[0.167]},"t":246,"s":[100]},{"t":268,"s":[0]}],"ix":11},"r":{"a":0,"k":0,"ix":10},"p":{"a":0,"k":[206,434.7,0],"ix":2,"l":2},"a":{"a":0,"k":[108,103.7,0],"ix":1,"l":2},"s":{"a":0,"k":[100,100,100],"ix":6,"l":2}},"ao":0,"shapes":[{"ty":"gr","it":[{"ind":0,"ty":"sh","ix":1,"ks":{"a":0,"k":{"i":[[-19.795,-0.494],[5.391,-1.203],[16.981,2.363],[9.27,1.645],[2.55,-8.497],[2.519,12.084],[18.058,-1.593],[15.653,-6.444],[4.732,1.973],[-21.366,-12.458],[-10.12,6.861],[-0.681,-35.009],[0,0],[-0.537,-25.092],[-42.085,0.902],[0.577,26.92],[39.299,1.126],[0,0],[-4.502,6.751]],"o":[[47.756,1.188],[-3.747,0.826],[-12.836,-1.783],[-22.532,-3.989],[-1.672,5.579],[-3.857,-18.442],[-12.041,1.065],[-16.742,6.874],[-4.078,-1.7],[23.846,13.885],[2.111,-1.43],[0,0],[-38.05,3.501],[0.577,26.92],[42.085,-0.902],[-0.546,-25.619],[0,0],[-3.102,-13.916],[1.335,-2.044]],"v":[[155.517,88.165],[215.047,40.578],[185.282,42.465],[162.51,35.141],[111.014,59.612],[105.426,30.381],[61.389,0.128],[30.458,12.709],[0.546,13.728],[37.255,53.497],[96.398,53.156],[99.298,110.366],[99.298,110.366],[32.634,160.261],[109.881,207.372],[185.036,156.996],[113.932,110.087],[113.901,109.906],[115.773,75.931]],"c":true},"ix":2},"nm":"Path 1","mn":"ADBE Vector Shape - Group","hd":false},{"ind":1,"ty":"sh","ix":2,"ks":{"a":0,"k":{"i":[[-4.692,2.823],[-4.296,-0.298],[-10.942,0.859],[-0.153,-0.442],[7.825,-1.543],[12.013,-0.224],[7.619,-2.605]],"o":[[9.114,-5.48],[12.213,0.844],[7.404,-0.583],[0.172,0.494],[-12.001,2.372],[-16.07,0.307],[-1.313,0.445]],"v":[[133.991,53.039],[157.005,48.397],[182.272,52.929],[195.187,50.207],[181.139,55.985],[153.378,53.494],[125.506,61.426]],"c":true},"ix":2},"nm":"Path 2","mn":"ADBE Vector Shape - Group","hd":false},{"ind":2,"ty":"sh","ix":3,"ks":{"a":0,"k":{"i":[[20.964,-1.359],[9.776,0.865],[0.964,1.445],[-13.934,5.496],[-9.915,-5.511],[-0.123,-1.835]],"o":[[-11.025,0.715],[-10.433,-0.905],[-1.359,-2.041],[7.46,-2.94],[5.652,3.142],[0.169,2.507]],"v":[[68.272,25.168],[40.91,31.612],[21.252,22.378],[49.747,23.511],[87.647,22.093],[95.975,32.462]],"c":true},"ix":2},"nm":"Path 3","mn":"ADBE Vector Shape - Group","hd":false},{"ind":3,"ty":"sh","ix":4,"ks":{"a":0,"k":{"i":[[-13.867,-18.776],[13.017,-8.613],[15.021,20.164],[-15.542,6.38],[-13.867,-18.776]],"o":[[14.935,20.225],[-13.017,8.613],[-15.622,-20.97],[13.207,-5.422],[0,0]],"v":[[135.022,142.905],[134.141,189.718],[87.883,174.088],[90.151,124.26],[135.025,142.905]],"c":true},"ix":2},"nm":"Path 4","mn":"ADBE Vector Shape - Group","hd":false},{"ty":"st","c":{"a":0,"k":[1,1,1,1],"ix":3},"o":{"a":0,"k":100,"ix":4},"w":{"a":0,"k":2,"ix":5},"lc":1,"lj":1,"ml":4,"bm":0,"nm":"Stroke 1","mn":"ADBE Vector Graphic - Stroke","hd":false},{"ty":"fl","c":{"a":0,"k":[0,0,0,1],"ix":4},"o":{"a":0,"k":0,"ix":5},"r":1,"bm":0,"nm":"Fill 1","mn":"ADBE Vector Graphic - Fill","hd":true},{"ty":"tr","p":{"a":0,"k":[0,0],"ix":2},"a":{"a":0,"k":[0,0],"ix":1},"s":{"a":0,"k":[100,100],"ix":3},"r":{"a":0,"k":0,"ix":6},"o":{"a":0,"k":100,"ix":7},"sk":{"a":0,"k":0,"ix":4},"sa":{"a":0,"k":0,"ix":5},"nm":"Transform"}],"nm":"Caminho 147","np":6,"cix":2,"bm":0,"ix":1,"mn":"ADBE Vector Group","hd":false}],"ip":0,"op":3600,"st":0,"bm":0}]},{"id":"comp_2","layers":[{"ddd":0,"ind":1,"ty":4,"nm":"Caminho 164","sr":1,"ks":{"o":{"a":1,"k":[{"i":{"x":[0.833],"y":[0.833]},"o":{"x":[0.167],"y":[0.167]},"t":256,"s":[100]},{"t":268,"s":[0]}],"ix":11},"r":{"a":0,"k":0,"ix":10},"p":{"a":1,"k":[{"i":{"x":0.833,"y":0.833},"o":{"x":0.167,"y":0.167},"t":49,"s":[204.26,328.465,0],"to":[6.5,-4,0],"ti":[-0.5,5.5,0]},{"i":{"x":0.833,"y":0.833},"o":{"x":0.167,"y":0.167},"t":66.256,"s":[243.26,304.465,0],"to":[0.5,-5.5,0],"ti":[6.5,6.167,0]},{"i":{"x":0.833,"y":0.833},"o":{"x":0.167,"y":0.167},"t":83.512,"s":[207.26,295.465,0],"to":[-6.5,-6.167,0],"ti":[13,13.5,0]},{"i":{"x":0.833,"y":0.833},"o":{"x":0.167,"y":0.167},"t":100.766,"s":[204.26,267.465,0],"to":[-13,-13.5,0],"ti":[3.5,11.667,0]},{"i":{"x":0.833,"y":0.833},"o":{"x":0.167,"y":0.167},"t":131.682,"s":[129.26,214.465,0],"to":[-3.5,-11.667,0],"ti":[1,7.333,0]},{"i":{"x":0.833,"y":0.833},"o":{"x":0.167,"y":0.167},"t":148.938,"s":[183.26,197.465,0],"to":[-1,-7.333,0],"ti":[0.667,8.333,0]},{"i":{"x":0.833,"y":0.833},"o":{"x":0.167,"y":0.167},"t":166.191,"s":[123.26,170.465,0],"to":[-0.667,-8.333,0],"ti":[-14.833,8,0]},{"i":{"x":0.833,"y":0.833},"o":{"x":0.167,"y":0.167},"t":183.447,"s":[179.26,147.465,0],"to":[14.833,-8,0],"ti":[6.167,7.167,0]},{"i":{"x":0.833,"y":0.833},"o":{"x":0.167,"y":0.167},"t":200.703,"s":[212.26,122.465,0],"to":[-6.167,-7.167,0],"ti":[8.333,5.5,0]},{"i":{"x":0.833,"y":0.833},"o":{"x":0.167,"y":0.167},"t":223.713,"s":[142.26,104.465,0],"to":[-8.333,-5.5,0],"ti":[-3.333,2.5,0]},{"t":246,"s":[162.26,89.465,0]}],"ix":2,"l":2},"a":{"a":0,"k":[237.333,118.018,0],"ix":1,"l":2},"s":{"a":0,"k":[100,100,100],"ix":6,"l":2}},"ao":0,"shapes":[{"ty":"gr","it":[{"ind":0,"ty":"sh","ix":1,"ks":{"a":0,"k":{"i":[[0,0],[0,0],[0,0],[0,0],[-26.154,3.727],[-28.578,-2.928],[-32.453,1.331],[-36.566,0],[-29.303,-1.331],[-23.492,2.929],[-24.459,1.331],[-17.438,-18.901]],"o":[[0,0],[0,0],[0,0],[0,0],[26.156,-3.727],[28.576,2.929],[32.449,-1.331],[36.57,0],[29.301,1.331],[23.49,-2.928],[24.459,-1.331],[17.436,18.902]],"v":[[474.666,40.097],[474.666,236.036],[0,236.036],[0,40.097],[42.961,0.37],[104.621,25.189],[164.482,0.37],[234.426,19.864],[297.463,0.37],[351.641,25.189],[406.371,2.89],[448.787,25.189]],"c":true},"ix":2},"nm":"Path 1","mn":"ADBE Vector Shape - Group","hd":false},{"ty":"st","c":{"a":0,"k":[0.439215686275,0.439215686275,0.439215686275,1],"ix":3},"o":{"a":0,"k":100,"ix":4},"w":{"a":0,"k":1,"ix":5},"lc":1,"lj":1,"ml":4,"bm":0,"nm":"Stroke 1","mn":"ADBE Vector Graphic - Stroke","hd":true},{"ty":"fl","c":{"a":0,"k":[0.41568627451,0.6,0.305882352941,1],"ix":4},"o":{"a":0,"k":100,"ix":5},"r":1,"bm":0,"nm":"Fill 1","mn":"ADBE Vector Graphic - Fill","hd":false},{"ty":"tr","p":{"a":0,"k":[0,0],"ix":2},"a":{"a":0,"k":[0,0],"ix":1},"s":{"a":0,"k":[100,100],"ix":3},"r":{"a":0,"k":0,"ix":6},"o":{"a":0,"k":100,"ix":7},"sk":{"a":0,"k":0,"ix":4},"sa":{"a":0,"k":0,"ix":5},"nm":"Transform"}],"nm":"Caminho 164","np":3,"cix":2,"bm":0,"ix":1,"mn":"ADBE Vector Group","hd":false}],"ip":0,"op":3600,"st":0,"bm":0},{"ddd":0,"ind":2,"ty":4,"nm":"Caminho 163","sr":1,"ks":{"o":{"a":1,"k":[{"i":{"x":[0.833],"y":[0.833]},"o":{"x":[0.167],"y":[0.167]},"t":249,"s":[100]},{"t":254,"s":[0]}],"ix":11},"r":{"a":0,"k":0,"ix":10},"p":{"a":1,"k":[{"i":{"x":0.833,"y":0.833},"o":{"x":0.167,"y":0.167},"t":49,"s":[39.586,300.418,0],"to":[-9.667,-4.167,0],"ti":[3.167,6.167,0]},{"i":{"x":0.833,"y":0.833},"o":{"x":0.167,"y":0.167},"t":66.256,"s":[-18.414,275.418,0],"to":[-3.167,-6.167,0],"ti":[-12.5,7.333,0]},{"i":{"x":0.833,"y":0.833},"o":{"x":0.167,"y":0.167},"t":83.512,"s":[20.586,263.418,0],"to":[12.5,-7.333,0],"ti":[-10.5,13,0]},{"i":{"x":0.833,"y":0.833},"o":{"x":0.167,"y":0.167},"t":100.766,"s":[56.586,231.418,0],"to":[10.5,-13,0],"ti":[6.333,11.5,0]},{"i":{"x":0.833,"y":0.833},"o":{"x":0.167,"y":0.167},"t":131.682,"s":[83.586,185.418,0],"to":[-6.333,-11.5,0],"ti":[-1,7.5,0]},{"i":{"x":0.833,"y":0.833},"o":{"x":0.167,"y":0.167},"t":148.938,"s":[18.586,162.418,0],"to":[1,-7.5,0],"ti":[-1.333,7.667,0]},{"i":{"x":0.833,"y":0.833},"o":{"x":0.167,"y":0.167},"t":166.191,"s":[89.586,140.418,0],"to":[1.333,-7.667,0],"ti":[12.667,8.167,0]},{"i":{"x":0.833,"y":0.833},"o":{"x":0.167,"y":0.167},"t":183.447,"s":[26.586,116.418,0],"to":[-12.667,-8.167,0],"ti":[-4.5,6.167,0]},{"i":{"x":0.833,"y":0.833},"o":{"x":0.167,"y":0.167},"t":200.703,"s":[13.586,91.418,0],"to":[4.5,-6.167,0],"ti":[-1.5,4.333,0]},{"i":{"x":0.833,"y":0.833},"o":{"x":0.167,"y":0.167},"t":223.713,"s":[53.586,79.418,0],"to":[1.5,-4.333,0],"ti":[5.167,2.333,0]},{"t":246,"s":[22.586,65.418,0]}],"ix":2,"l":2},"a":{"a":0,"k":[191.658,90.065,0],"ix":1,"l":2},"s":{"a":0,"k":[100,100,100],"ix":6,"l":2}},"ao":0,"shapes":[{"ty":"gr","it":[{"ind":0,"ty":"sh","ix":1,"ks":{"a":0,"k":{"i":[[0,0],[0,0],[0,0],[0,0],[-21.121,2.738],[-23.078,-2.151],[-26.207,0.978],[-29.531,0],[-23.662,-0.978],[-18.969,2.151],[-19.752,0.978],[-14.082,-13.885]],"o":[[0,0],[0,0],[0,0],[0,0],[21.121,-2.738],[23.078,2.151],[26.205,-0.978],[29.531,0],[23.664,0.978],[18.971,-2.151],[19.754,-0.978],[14.08,13.885]],"v":[[383.316,36.19],[383.316,180.129],[0,180.129],[0,36.19],[38.344,0.205],[84.486,25.238],[136.129,0.205],[189.311,21.327],[237.965,3.287],[283.967,25.238],[326.221,0.205],[362.979,21.327]],"c":true},"ix":2},"nm":"Path 1","mn":"ADBE Vector Shape - Group","hd":false},{"ty":"st","c":{"a":0,"k":[0.439215686275,0.439215686275,0.439215686275,1],"ix":3},"o":{"a":0,"k":100,"ix":4},"w":{"a":0,"k":1,"ix":5},"lc":1,"lj":1,"ml":4,"bm":0,"nm":"Stroke 1","mn":"ADBE Vector Graphic - Stroke","hd":true},{"ty":"fl","c":{"a":0,"k":[1,1,1,1],"ix":4},"o":{"a":0,"k":100,"ix":5},"r":1,"bm":0,"nm":"Fill 1","mn":"ADBE Vector Graphic - Fill","hd":false},{"ty":"tr","p":{"a":0,"k":[0,0],"ix":2},"a":{"a":0,"k":[0,0],"ix":1},"s":{"a":0,"k":[100,100],"ix":3},"r":{"a":0,"k":0,"ix":6},"o":{"a":0,"k":100,"ix":7},"sk":{"a":0,"k":0,"ix":4},"sa":{"a":0,"k":0,"ix":5},"nm":"Transform"}],"nm":"Caminho 163","np":3,"cix":2,"bm":0,"ix":1,"mn":"ADBE Vector Group","hd":false}],"ip":0,"op":3600,"st":0,"bm":0}]}],"layers":[{"ddd":0,"ind":1,"ty":0,"nm":"Comp 2","refId":"comp_0","sr":1,"ks":{"o":{"a":1,"k":[{"i":{"x":[0.833],"y":[0.833]},"o":{"x":[0.167],"y":[0.167]},"t":28,"s":[0]},{"i":{"x":[0.833],"y":[0.833]},"o":{"x":[0.167],"y":[0.167]},"t":43,"s":[100]},{"i":{"x":[0.833],"y":[0.833]},"o":{"x":[0.167],"y":[0.167]},"t":246,"s":[100]},{"t":268,"s":[0]}],"ix":11},"r":{"a":0,"k":0,"ix":10},"p":{"a":0,"k":[206,438,0],"ix":2,"l":2},"a":{"a":0,"k":[88.5,88.5,0],"ix":1,"l":2},"s":{"a":0,"k":[100,100,100],"ix":6,"l":2}},"ao":0,"w":177,"h":177,"ip":0,"op":3600,"st":0,"bm":0},{"ddd":0,"ind":2,"ty":0,"nm":"Contorno","refId":"comp_1","sr":1,"ks":{"o":{"a":1,"k":[{"i":{"x":[0.833],"y":[0.833]},"o":{"x":[0.167],"y":[0.167]},"t":246,"s":[100]},{"t":268,"s":[0]}],"ix":11},"r":{"a":0,"k":0,"ix":10},"p":{"a":0,"k":[206,435,0],"ix":2,"l":2},"a":{"a":0,"k":[206,435,0],"ix":1,"l":2},"s":{"a":0,"k":[100,100,100],"ix":6,"l":2}},"ao":0,"w":412,"h":870,"ip":0,"op":3600,"st":0,"bm":0},{"ddd":0,"ind":3,"ty":0,"nm":"ondas","refId":"comp_2","sr":1,"ks":{"o":{"a":0,"k":100,"ix":11},"r":{"a":0,"k":0,"ix":10},"p":{"a":0,"k":[206,434.7,0],"ix":2,"l":2},"a":{"a":0,"k":[108,104,0],"ix":1,"l":2},"s":{"a":0,"k":[100,100,100],"ix":6,"l":2}},"ao":0,"hasMask":true,"masksProperties":[{"inv":false,"mode":"f","pt":{"a":0,"k":{"i":[[-19.795,-0.494],[5.391,-1.203],[16.981,2.363],[9.27,1.645],[2.55,-8.497],[2.519,12.084],[18.058,-1.593],[15.653,-6.444],[4.732,1.973],[-21.366,-12.458],[-10.12,6.861],[-0.681,-35.009],[0,0],[-0.537,-25.092],[-42.085,0.902],[0.577,26.92],[39.299,1.126],[0,0],[-4.502,6.751]],"o":[[47.756,1.188],[-3.747,0.826],[-12.836,-1.783],[-22.532,-3.989],[-1.672,5.579],[-3.857,-18.442],[-12.041,1.065],[-16.742,6.874],[-4.078,-1.7],[23.846,13.885],[2.111,-1.43],[0,0],[-38.05,3.501],[0.577,26.92],[42.085,-0.902],[-0.546,-25.619],[0,0],[-3.102,-13.916],[1.335,-2.044]],"v":[[155.517,88.165],[215.047,40.578],[185.282,42.465],[162.51,35.141],[111.014,59.612],[105.426,30.381],[61.389,0.128],[30.458,12.709],[0.546,13.728],[37.255,53.497],[96.398,53.156],[99.298,110.366],[99.298,110.366],[32.634,160.261],[109.881,207.372],[185.036,156.996],[113.932,110.087],[113.901,109.906],[115.773,75.931]],"c":true},"ix":1},"o":{"a":0,"k":100,"ix":3},"x":{"a":0,"k":0,"ix":4},"nm":"Mask 1"},{"inv":false,"mode":"f","pt":{"a":0,"k":{"i":[[-4.692,2.823],[-4.296,-0.298],[-10.942,0.859],[-0.153,-0.442],[7.825,-1.543],[12.013,-0.224],[7.619,-2.605]],"o":[[9.114,-5.48],[12.213,0.844],[7.404,-0.583],[0.172,0.494],[-12.001,2.372],[-16.07,0.307],[-1.313,0.445]],"v":[[133.991,53.039],[157.005,48.397],[182.272,52.929],[195.187,50.207],[181.139,55.985],[153.378,53.494],[125.506,61.426]],"c":true},"ix":1},"o":{"a":0,"k":100,"ix":3},"x":{"a":0,"k":0,"ix":4},"nm":"Mask 2"},{"inv":false,"mode":"f","pt":{"a":0,"k":{"i":[[20.964,-1.359],[9.776,0.865],[0.964,1.445],[-13.934,5.496],[-9.915,-5.511],[-0.123,-1.835]],"o":[[-11.025,0.715],[-10.433,-0.905],[-1.359,-2.041],[7.46,-2.94],[5.652,3.142],[0.169,2.507]],"v":[[68.272,25.168],[40.91,31.612],[21.252,22.378],[49.747,23.511],[87.647,22.093],[95.975,32.462]],"c":true},"ix":1},"o":{"a":0,"k":100,"ix":3},"x":{"a":0,"k":0,"ix":4},"nm":"Mask 3"},{"inv":false,"mode":"f","pt":{"a":0,"k":{"i":[[-13.867,-18.776],[13.017,-8.613],[15.021,20.164],[-15.542,6.38],[-13.867,-18.776]],"o":[[14.935,20.225],[-13.017,8.613],[-15.622,-20.97],[13.207,-5.422],[0,0]],"v":[[135.022,142.905],[134.141,189.718],[87.883,174.088],[90.151,124.26],[135.025,142.905]],"c":true},"ix":1},"o":{"a":0,"k":100,"ix":3},"x":{"a":0,"k":0,"ix":4},"nm":"Mask 4"}],"ef":[{"ty":22,"nm":"Stroke","np":13,"mn":"ADBE Stroke","ix":1,"en":0,"ef":[{"ty":10,"nm":"Path","mn":"ADBE Stroke-0001","ix":1,"v":{"a":0,"k":1,"ix":1}},{"ty":7,"nm":"All Masks","mn":"ADBE Stroke-0010","ix":2,"v":{"a":0,"k":1,"ix":2}},{"ty":7,"nm":"Stroke Sequentially","mn":"ADBE Stroke-0011","ix":3,"v":{"a":0,"k":1,"ix":3}},{"ty":2,"nm":"Color","mn":"ADBE Stroke-0002","ix":4,"v":{"a":0,"k":[1,1,1,1],"ix":4}},{"ty":0,"nm":"Brush Size","mn":"ADBE Stroke-0003","ix":5,"v":{"a":0,"k":0,"ix":5}},{"ty":0,"nm":"Brush Hardness","mn":"ADBE Stroke-0004","ix":6,"v":{"a":0,"k":0.95,"ix":6}},{"ty":0,"nm":"Opacity","mn":"ADBE Stroke-0005","ix":7,"v":{"a":0,"k":1,"ix":7}},{"ty":0,"nm":"Start","mn":"ADBE Stroke-0008","ix":8,"v":{"a":0,"k":0,"ix":8}},{"ty":0,"nm":"End","mn":"ADBE Stroke-0009","ix":9,"v":{"a":0,"k":100,"ix":9}},{"ty":7,"nm":"Spacing","mn":"ADBE Stroke-0006","ix":10,"v":{"a":0,"k":0,"ix":10}},{"ty":7,"nm":"Paint Style","mn":"ADBE Stroke-0007","ix":11,"v":{"a":0,"k":1,"ix":11}}]}],"w":216,"h":208,"ip":0,"op":3600,"st":0,"bm":0}],"markers":[]}